имя файла	наденное имя	количество вхождений
_itartass3.xhtml	Москва	2
_itartass3.xhtml	ИТАР-ТАСС	1
_itartass3.xhtml	Сергей	1
_itartass3.xhtml	Останин	1
_itartass3.xhtml	Россия	1
_itartass3.xhtml	СССР	1
_itartass3.xhtml	Ельня	1
_itartass3.xhtml	ВМФ	1
_itartass3.xhtml	Борис	1
_itartass3.xhtml	Гормылев	1
_rbk3.xhtml	Китай	12
_rbk3.xhtml	США	6
_rbk3.xhtml	КНР	3
_rbk3.xhtml	Guardian	3
_rbk3.xhtml	Москва	2
_rbk3.xhtml	Тайвань	2
_rbk3.xhtml	Индия	2
_rbk3.xhtml	Пекин	2
_rbk3.xhtml	ИТАР-ТАСС	1
_rbk3.xhtml	Сергей	1
_rbk3.xhtml	Останин	1
_rbk3.xhtml	Россия	1
_rbk3.xhtml	СССР	1
_rbk3.xhtml	Ельня	1
_rbk3.xhtml	ВМФ	1
_rbk3.xhtml	Борис	1
_rbk3.xhtml	Гормылев	1
_rbk3.xhtml	ВВП	1
_rbk3.xhtml	П	1
_rbk3.xhtml	Вулфовиц	1
_rbk3.xhtml	XXI	1
_rbk3.xhtml	Германия	1
_rbk3.xhtml	Азия	1
_rbk3.xhtml	Пакистан	1
_rbk3.xhtml	Киргизия	1
_rbk3.xhtml	Вашингтон	1
_rbk3.xhtml	КНДР	1
_itartass4.xhtml	Китай	12
_itartass4.xhtml	США	6
_itartass4.xhtml	КНР	3
_itartass4.xhtml	Guardian	3
_itartass4.xhtml	Иркутск	3
_itartass4.xhtml	Москва	2
_itartass4.xhtml	ИТАР-ТАСС	2
_itartass4.xhtml	Россия	2
_itartass4.xhtml	Тайвань	2
_itartass4.xhtml	Индия	2
_itartass4.xhtml	Пекин	2
_itartass4.xhtml	Владимир	2
_itartass4.xhtml	Александр	2
_itartass4.xhtml	Соколов	2
_itartass4.xhtml	Сергей	1
_itartass4.xhtml	Останин	1
_itartass4.xhtml	СССР	1
_itartass4.xhtml	Ельня	1
_itartass4.xhtml	ВМФ	1
_itartass4.xhtml	Борис	1
_itartass4.xhtml	Гормылев	1
_itartass4.xhtml	ВВП	1
_itartass4.xhtml	П	1
_itartass4.xhtml	Вулфовиц	1
_itartass4.xhtml	XXI	1
_itartass4.xhtml	Германия	1
_itartass4.xhtml	Азия	1
_itartass4.xhtml	Пакистан	1
_itartass4.xhtml	Киргизия	1
_itartass4.xhtml	Вашингтон	1
_itartass4.xhtml	КНДР	1
_itartass4.xhtml	Ходий	1
_itartass4.xhtml	РФ	1
_itartass4.xhtml	Юрий	1
_itartass4.xhtml	Лотман	1
_itartass4.xhtml	Байкал	1
_itartass4.xhtml	Спиваков	1
_itartass4.xhtml	Елена	1
_itartass4.xhtml	Образцова	1
_itartass4.xhtml	Гарри	1
_itartass4.xhtml	Гродберг	1
_itartass4.xhtml	Георгий	1
_itartass4.xhtml	Гаранян	1
_rian3.xhtml	Китай	12
_rian3.xhtml	США	6
_rian3.xhtml	КНР	3
_rian3.xhtml	Guardian	3
_rian3.xhtml	Иркутск	3
_rian3.xhtml	Москва	2
_rian3.xhtml	ИТАР-ТАСС	2
_rian3.xhtml	Россия	2
_rian3.xhtml	Германия	2
_rian3.xhtml	Тайвань	2
_rian3.xhtml	Индия	2
_rian3.xhtml	Пекин	2
_rian3.xhtml	Владимир	2
_rian3.xhtml	Александр	2
_rian3.xhtml	Соколов	2
_rian3.xhtml	Сергей	1
_rian3.xhtml	Останин	1
_rian3.xhtml	СССР	1
_rian3.xhtml	Ельня	1
_rian3.xhtml	ВМФ	1
_rian3.xhtml	Борис	1
_rian3.xhtml	Гормылев	1
_rian3.xhtml	ВВП	1
_rian3.xhtml	П	1
_rian3.xhtml	Вулфовиц	1
_rian3.xhtml	XXI	1
_rian3.xhtml	Азия	1
_rian3.xhtml	Пакистан	1
_rian3.xhtml	Киргизия	1
_rian3.xhtml	Вашингтон	1
_rian3.xhtml	КНДР	1
_rian3.xhtml	Ходий	1
_rian3.xhtml	РФ	1
_rian3.xhtml	Юрий	1
_rian3.xhtml	Лотман	1
_rian3.xhtml	Байкал	1
_rian3.xhtml	Спиваков	1
_rian3.xhtml	Елена	1
_rian3.xhtml	Образцова	1
_rian3.xhtml	Гарри	1
_rian3.xhtml	Гродберг	1
_rian3.xhtml	Георгий	1
_rian3.xhtml	Гаранян	1
_rian3.xhtml	ДТП	1
_rian3.xhtml	Лоерах	1
_rian3.xhtml	Ananova	1
_rian3.xhtml	Quote	1
_rian3.xhtml	Юкос	1
_rbk6.xhtml	Китай	12
_rbk6.xhtml	США	6
_rbk6.xhtml	КНР	3
_rbk6.xhtml	Guardian	3
_rbk6.xhtml	Иркутск	3
_rbk6.xhtml	Дубай	3
_rbk6.xhtml	Мэн	3
_rbk6.xhtml	Москва	2
_rbk6.xhtml	ИТАР-ТАСС	2
_rbk6.xhtml	Россия	2
_rbk6.xhtml	Германия	2
_rbk6.xhtml	Тайвань	2
_rbk6.xhtml	Индия	2
_rbk6.xhtml	Пекин	2
_rbk6.xhtml	Владимир	2
_rbk6.xhtml	Александр	2
_rbk6.xhtml	Соколов	2
_rbk6.xhtml	Крейн	2
_rbk6.xhtml	Великобритания	2
_rbk6.xhtml	Сергей	1
_rbk6.xhtml	Останин	1
_rbk6.xhtml	СССР	1
_rbk6.xhtml	Ельня	1
_rbk6.xhtml	ВМФ	1
_rbk6.xhtml	Борис	1
_rbk6.xhtml	Гормылев	1
_rbk6.xhtml	ВВП	1
_rbk6.xhtml	П	1
_rbk6.xhtml	Вулфовиц	1
_rbk6.xhtml	XXI	1
_rbk6.xhtml	Азия	1
_rbk6.xhtml	Пакистан	1
_rbk6.xhtml	Киргизия	1
_rbk6.xhtml	Вашингтон	1
_rbk6.xhtml	КНДР	1
_rbk6.xhtml	Ходий	1
_rbk6.xhtml	РФ	1
_rbk6.xhtml	Юрий	1
_rbk6.xhtml	Лотман	1
_rbk6.xhtml	Байкал	1
_rbk6.xhtml	Спиваков	1
_rbk6.xhtml	Елена	1
_rbk6.xhtml	Образцова	1
_rbk6.xhtml	Гарри	1
_rbk6.xhtml	Гродберг	1
_rbk6.xhtml	Георгий	1
_rbk6.xhtml	Гаранян	1
_rbk6.xhtml	ДТП	1
_rbk6.xhtml	Лоерах	1
_rbk6.xhtml	Ananova	1
_rbk6.xhtml	Quote	1
_rbk6.xhtml	Юкос	1
_rbk6.xhtml	ИТ-инфраструктура	1
_rbk6.xhtml	Wipro	1
_rbk6.xhtml	Internet	1
_rbk6.xhtml	City	1
_rbk6.xhtml	DIC	1
_rbk6.xhtml	Оаэ	1
_rbk6.xhtml	Сулейман	1
_rbk6.xhtml	Bin	1
_rbk6.xhtml	Sulaiman	1
_rbk6.xhtml	ИТ-подразделение	1
_rbk6.xhtml	Тим	1
_rbk6.xhtml	Tim	1
_rbk6.xhtml	Craine	1
_rian5.xhtml	Китай	12
_rian5.xhtml	США	6
_rian5.xhtml	КНР	3
_rian5.xhtml	Guardian	3
_rian5.xhtml	Иркутск	3
_rian5.xhtml	Дубай	3
_rian5.xhtml	Мэн	3
_rian5.xhtml	Москва	2
_rian5.xhtml	ИТАР-ТАСС	2
_rian5.xhtml	Россия	2
_rian5.xhtml	Германия	2
_rian5.xhtml	Тайвань	2
_rian5.xhtml	Индия	2
_rian5.xhtml	Пекин	2
_rian5.xhtml	Владимир	2
_rian5.xhtml	РФ	2
_rian5.xhtml	Александр	2
_rian5.xhtml	Соколов	2
_rian5.xhtml	Крейн	2
_rian5.xhtml	Великобритания	2
_rian5.xhtml	Новгород	2
_rian5.xhtml	РИА	2
_rian5.xhtml	Сутоки	2
_rian5.xhtml	Надеевка	2
_rian5.xhtml	Сергей	1
_rian5.xhtml	Останин	1
_rian5.xhtml	СССР	1
_rian5.xhtml	Ельня	1
_rian5.xhtml	ВМФ	1
_rian5.xhtml	Борис	1
_rian5.xhtml	Гормылев	1
_rian5.xhtml	ВВП	1
_rian5.xhtml	П	1
_rian5.xhtml	Вулфовиц	1
_rian5.xhtml	XXI	1
_rian5.xhtml	Азия	1
_rian5.xhtml	Пакистан	1
_rian5.xhtml	Киргизия	1
_rian5.xhtml	Вашингтон	1
_rian5.xhtml	КНДР	1
_rian5.xhtml	Ходий	1
_rian5.xhtml	Юрий	1
_rian5.xhtml	Лотман	1
_rian5.xhtml	Байкал	1
_rian5.xhtml	Спиваков	1
_rian5.xhtml	Елена	1
_rian5.xhtml	Образцова	1
_rian5.xhtml	Гарри	1
_rian5.xhtml	Гродберг	1
_rian5.xhtml	Георгий	1
_rian5.xhtml	Гаранян	1
_rian5.xhtml	ДТП	1
_rian5.xhtml	Лоерах	1
_rian5.xhtml	Ananova	1
_rian5.xhtml	Quote	1
_rian5.xhtml	Юкос	1
_rian5.xhtml	ИТ-инфраструктура	1
_rian5.xhtml	Wipro	1
_rian5.xhtml	Internet	1
_rian5.xhtml	City	1
_rian5.xhtml	DIC	1
_rian5.xhtml	Оаэ	1
_rian5.xhtml	Сулейман	1
_rian5.xhtml	Bin	1
_rian5.xhtml	Sulaiman	1
_rian5.xhtml	ИТ-подразделение	1
_rian5.xhtml	Тим	1
_rian5.xhtml	Tim	1
_rian5.xhtml	Craine	1
_rian5.xhtml	Андрей	1
_rian5.xhtml	Летягин	1
_rian5.xhtml	Коломна	1
_rian5.xhtml	Сольцы	1
_rian5.xhtml	Чудово	1
_rian5.xhtml	Парфино	1
_rian5.xhtml	Петропавловск	1
_rian5.xhtml	Казахстан	1
_rian2.xhtml	Китай	12
_rian2.xhtml	Суворин	11
_rian2.xhtml	США	6
_rian2.xhtml	Москва	5
_rian2.xhtml	Россия	5
_rian2.xhtml	Александр	4
_rian2.xhtml	КНР	3
_rian2.xhtml	Guardian	3
_rian2.xhtml	Иркутск	3
_rian2.xhtml	Дубай	3
_rian2.xhtml	Мэн	3
_rian2.xhtml	РИА	3
_rian2.xhtml	РГБ	3
_rian2.xhtml	ИТАР-ТАСС	2
_rian2.xhtml	Германия	2
_rian2.xhtml	Тайвань	2
_rian2.xhtml	Индия	2
_rian2.xhtml	Пекин	2
_rian2.xhtml	Владимир	2
_rian2.xhtml	РФ	2
_rian2.xhtml	Соколов	2
_rian2.xhtml	Крейн	2
_rian2.xhtml	Великобритания	2
_rian2.xhtml	Новгород	2
_rian2.xhtml	Сутоки	2
_rian2.xhtml	Надеевка	2
_rian2.xhtml	Алексей	2
_rian2.xhtml	Сергеевич	2
_rian2.xhtml	Петербург	2
_rian2.xhtml	Сергей	1
_rian2.xhtml	Останин	1
_rian2.xhtml	СССР	1
_rian2.xhtml	Ельня	1
_rian2.xhtml	ВМФ	1
_rian2.xhtml	Борис	1
_rian2.xhtml	Гормылев	1
_rian2.xhtml	ВВП	1
_rian2.xhtml	П	1
_rian2.xhtml	Вулфовиц	1
_rian2.xhtml	XXI	1
_rian2.xhtml	Азия	1
_rian2.xhtml	Пакистан	1
_rian2.xhtml	Киргизия	1
_rian2.xhtml	Вашингтон	1
_rian2.xhtml	КНДР	1
_rian2.xhtml	Ходий	1
_rian2.xhtml	Юрий	1
_rian2.xhtml	Лотман	1
_rian2.xhtml	Байкал	1
_rian2.xhtml	Спиваков	1
_rian2.xhtml	Елена	1
_rian2.xhtml	Образцова	1
_rian2.xhtml	Гарри	1
_rian2.xhtml	Гродберг	1
_rian2.xhtml	Георгий	1
_rian2.xhtml	Гаранян	1
_rian2.xhtml	ДТП	1
_rian2.xhtml	Лоерах	1
_rian2.xhtml	Ananova	1
_rian2.xhtml	Quote	1
_rian2.xhtml	Юкос	1
_rian2.xhtml	ИТ-инфраструктура	1
_rian2.xhtml	Wipro	1
_rian2.xhtml	Internet	1
_rian2.xhtml	City	1
_rian2.xhtml	DIC	1
_rian2.xhtml	Оаэ	1
_rian2.xhtml	Сулейман	1
_rian2.xhtml	Bin	1
_rian2.xhtml	Sulaiman	1
_rian2.xhtml	ИТ-подразделение	1
_rian2.xhtml	Тим	1
_rian2.xhtml	Tim	1
_rian2.xhtml	Craine	1
_rian2.xhtml	Андрей	1
_rian2.xhtml	Летягин	1
_rian2.xhtml	Коломна	1
_rian2.xhtml	Сольцы	1
_rian2.xhtml	Чудово	1
_rian2.xhtml	Парфино	1
_rian2.xhtml	Петропавловск	1
_rian2.xhtml	Казахстан	1
_rian2.xhtml	Ломоносов	1
_rian2.xhtml	Баратынский	1
_rian2.xhtml	Гоголь	1
_rian2.xhtml	Грибоедов	1
_rian2.xhtml	Достоевский	1
_rian2.xhtml	Толстой	1
_rian2.xhtml	Карамзин	1
_rian2.xhtml	Чехов	1
_rian2.xhtml	Пушкин	1
_rian2.xhtml	Екатерина	1
_rian2.xhtml	Медея	1
_rian2.xhtml	А	1
_rian2.xhtml	С	1
_rbk4.xhtml	Сирия	17
_rbk4.xhtml	Китай	12
_rbk4.xhtml	Израиль	12
_rbk4.xhtml	Суворин	11
_rbk4.xhtml	США	7
_rbk4.xhtml	Москва	5
_rbk4.xhtml	Россия	5
_rbk4.xhtml	Александр	4
_rbk4.xhtml	Дамаск	4
_rbk4.xhtml	ООН	4
_rbk4.xhtml	КНР	3
_rbk4.xhtml	Guardian	3
_rbk4.xhtml	Иркутск	3
_rbk4.xhtml	Дубай	3
_rbk4.xhtml	Мэн	3
_rbk4.xhtml	РИА	3
_rbk4.xhtml	РГБ	3
_rbk4.xhtml	Ирак	3
_rbk4.xhtml	ИТАР-ТАСС	2
_rbk4.xhtml	Германия	2
_rbk4.xhtml	Тайвань	2
_rbk4.xhtml	Индия	2
_rbk4.xhtml	Пекин	2
_rbk4.xhtml	Владимир	2
_rbk4.xhtml	РФ	2
_rbk4.xhtml	Соколов	2
_rbk4.xhtml	Крейн	2
_rbk4.xhtml	Великобритания	2
_rbk4.xhtml	Новгород	2
_rbk4.xhtml	Сутоки	2
_rbk4.xhtml	Надеевка	2
_rbk4.xhtml	Алексей	2
_rbk4.xhtml	Сергеевич	2
_rbk4.xhtml	Петербург	2
_rbk4.xhtml	Хезболлах	2
_rbk4.xhtml	Сергей	1
_rbk4.xhtml	Останин	1
_rbk4.xhtml	СССР	1
_rbk4.xhtml	Ельня	1
_rbk4.xhtml	ВМФ	1
_rbk4.xhtml	Борис	1
_rbk4.xhtml	Гормылев	1
_rbk4.xhtml	ВВП	1
_rbk4.xhtml	П	1
_rbk4.xhtml	Вулфовиц	1
_rbk4.xhtml	XXI	1
_rbk4.xhtml	Азия	1
_rbk4.xhtml	Пакистан	1
_rbk4.xhtml	Киргизия	1
_rbk4.xhtml	Вашингтон	1
_rbk4.xhtml	КНДР	1
_rbk4.xhtml	Ходий	1
_rbk4.xhtml	Юрий	1
_rbk4.xhtml	Лотман	1
_rbk4.xhtml	Байкал	1
_rbk4.xhtml	Спиваков	1
_rbk4.xhtml	Елена	1
_rbk4.xhtml	Образцова	1
_rbk4.xhtml	Гарри	1
_rbk4.xhtml	Гродберг	1
_rbk4.xhtml	Георгий	1
_rbk4.xhtml	Гаранян	1
_rbk4.xhtml	ДТП	1
_rbk4.xhtml	Лоерах	1
_rbk4.xhtml	Ananova	1
_rbk4.xhtml	Quote	1
_rbk4.xhtml	Юкос	1
_rbk4.xhtml	ИТ-инфраструктура	1
_rbk4.xhtml	Wipro	1
_rbk4.xhtml	Internet	1
_rbk4.xhtml	City	1
_rbk4.xhtml	DIC	1
_rbk4.xhtml	Оаэ	1
_rbk4.xhtml	Сулейман	1
_rbk4.xhtml	Bin	1
_rbk4.xhtml	Sulaiman	1
_rbk4.xhtml	ИТ-подразделение	1
_rbk4.xhtml	Тим	1
_rbk4.xhtml	Tim	1
_rbk4.xhtml	Craine	1
_rbk4.xhtml	Андрей	1
_rbk4.xhtml	Летягин	1
_rbk4.xhtml	Коломна	1
_rbk4.xhtml	Сольцы	1
_rbk4.xhtml	Чудово	1
_rbk4.xhtml	Парфино	1
_rbk4.xhtml	Петропавловск	1
_rbk4.xhtml	Казахстан	1
_rbk4.xhtml	Ломоносов	1
_rbk4.xhtml	Баратынский	1
_rbk4.xhtml	Гоголь	1
_rbk4.xhtml	Грибоедов	1
_rbk4.xhtml	Достоевский	1
_rbk4.xhtml	Толстой	1
_rbk4.xhtml	Карамзин	1
_rbk4.xhtml	Чехов	1
_rbk4.xhtml	Пушкин	1
_rbk4.xhtml	Екатерина	1
_rbk4.xhtml	Медея	1
_rbk4.xhtml	А	1
_rbk4.xhtml	С	1
_rbk4.xhtml	Моше	1
_rbk4.xhtml	Яалон	1
_rbk4.xhtml	Europa	1
_rbk4.xhtml	Press	1
_rbk4.xhtml	Йозеф	1
_rbk4.xhtml	Лапид	1
_rbk4.xhtml	АМАН	1
_rbk4.xhtml	Аарон	1
_rbk4.xhtml	Зэви-Фаркаш	1
_rbk4.xhtml	Джордж	1
_rbk4.xhtml	Буш	1
_rbk4.xhtml	Б	1
_rbk4.xhtml	Асад	1
_rbk4.xhtml	Ливан	1
_rbk4.xhtml	Бекаа	1
_rbk4.xhtml	Бейрут	1
_rbk4.xhtml	Кофи	1
_rbk4.xhtml	Аннан	1
_rbk4.xhtml	Австрия	1
_rbk4.xhtml	Канада	1
_rbk4.xhtml	Япония	1
_rbk4.xhtml	Непал	1
_rbk4.xhtml	Польша	1
_rbk4.xhtml	Словакия	1
_rian1.xhtml	Сирия	17
_rian1.xhtml	Китай	12
_rian1.xhtml	Израиль	12
_rian1.xhtml	Суворин	11
_rian1.xhtml	США	7
_rian1.xhtml	Москва	5
_rian1.xhtml	Россия	5
_rian1.xhtml	Александр	5
_rian1.xhtml	РИА	5
_rian1.xhtml	Дамаск	4
_rian1.xhtml	ООН	4
_rian1.xhtml	КНР	3
_rian1.xhtml	Guardian	3
_rian1.xhtml	Иркутск	3
_rian1.xhtml	Дубай	3
_rian1.xhtml	Мэн	3
_rian1.xhtml	РГБ	3
_rian1.xhtml	Ирак	3
_rian1.xhtml	ИТАР-ТАСС	2
_rian1.xhtml	Сергей	2
_rian1.xhtml	Германия	2
_rian1.xhtml	Тайвань	2
_rian1.xhtml	Индия	2
_rian1.xhtml	Пекин	2
_rian1.xhtml	Владимир	2
_rian1.xhtml	РФ	2
_rian1.xhtml	Соколов	2
_rian1.xhtml	Крейн	2
_rian1.xhtml	Великобритания	2
_rian1.xhtml	Новгород	2
_rian1.xhtml	Сутоки	2
_rian1.xhtml	Надеевка	2
_rian1.xhtml	Алексей	2
_rian1.xhtml	Сергеевич	2
_rian1.xhtml	Петербург	2
_rian1.xhtml	Хезболлах	2
_rian1.xhtml	Потемкин	2
_rian1.xhtml	Лондон	2
_rian1.xhtml	Pet	2
_rian1.xhtml	Shop	2
_rian1.xhtml	Boys	2
_rian1.xhtml	Останин	1
_rian1.xhtml	СССР	1
_rian1.xhtml	Ельня	1
_rian1.xhtml	ВМФ	1
_rian1.xhtml	Борис	1
_rian1.xhtml	Гормылев	1
_rian1.xhtml	ВВП	1
_rian1.xhtml	П	1
_rian1.xhtml	Вулфовиц	1
_rian1.xhtml	XXI	1
_rian1.xhtml	Азия	1
_rian1.xhtml	Пакистан	1
_rian1.xhtml	Киргизия	1
_rian1.xhtml	Вашингтон	1
_rian1.xhtml	КНДР	1
_rian1.xhtml	Ходий	1
_rian1.xhtml	Юрий	1
_rian1.xhtml	Лотман	1
_rian1.xhtml	Байкал	1
_rian1.xhtml	Спиваков	1
_rian1.xhtml	Елена	1
_rian1.xhtml	Образцова	1
_rian1.xhtml	Гарри	1
_rian1.xhtml	Гродберг	1
_rian1.xhtml	Георгий	1
_rian1.xhtml	Гаранян	1
_rian1.xhtml	ДТП	1
_rian1.xhtml	Лоерах	1
_rian1.xhtml	Ananova	1
_rian1.xhtml	Quote	1
_rian1.xhtml	Юкос	1
_rian1.xhtml	ИТ-инфраструктура	1
_rian1.xhtml	Wipro	1
_rian1.xhtml	Internet	1
_rian1.xhtml	City	1
_rian1.xhtml	DIC	1
_rian1.xhtml	Оаэ	1
_rian1.xhtml	Сулейман	1
_rian1.xhtml	Bin	1
_rian1.xhtml	Sulaiman	1
_rian1.xhtml	ИТ-подразделение	1
_rian1.xhtml	Тим	1
_rian1.xhtml	Tim	1
_rian1.xhtml	Craine	1
_rian1.xhtml	Андрей	1
_rian1.xhtml	Летягин	1
_rian1.xhtml	Коломна	1
_rian1.xhtml	Сольцы	1
_rian1.xhtml	Чудово	1
_rian1.xhtml	Парфино	1
_rian1.xhtml	Петропавловск	1
_rian1.xhtml	Казахстан	1
_rian1.xhtml	Ломоносов	1
_rian1.xhtml	Баратынский	1
_rian1.xhtml	Гоголь	1
_rian1.xhtml	Грибоедов	1
_rian1.xhtml	Достоевский	1
_rian1.xhtml	Толстой	1
_rian1.xhtml	Карамзин	1
_rian1.xhtml	Чехов	1
_rian1.xhtml	Пушкин	1
_rian1.xhtml	Екатерина	1
_rian1.xhtml	Медея	1
_rian1.xhtml	А	1
_rian1.xhtml	С	1
_rian1.xhtml	Моше	1
_rian1.xhtml	Яалон	1
_rian1.xhtml	Europa	1
_rian1.xhtml	Press	1
_rian1.xhtml	Йозеф	1
_rian1.xhtml	Лапид	1
_rian1.xhtml	АМАН	1
_rian1.xhtml	Аарон	1
_rian1.xhtml	Зэви-Фаркаш	1
_rian1.xhtml	Джордж	1
_rian1.xhtml	Буш	1
_rian1.xhtml	Б	1
_rian1.xhtml	Асад	1
_rian1.xhtml	Ливан	1
_rian1.xhtml	Бекаа	1
_rian1.xhtml	Бейрут	1
_rian1.xhtml	Кофи	1
_rian1.xhtml	Аннан	1
_rian1.xhtml	Австрия	1
_rian1.xhtml	Канада	1
_rian1.xhtml	Япония	1
_rian1.xhtml	Непал	1
_rian1.xhtml	Польша	1
_rian1.xhtml	Словакия	1
_rian1.xhtml	Смотров	1
_rian1.xhtml	Нельсон	1
_rian1.xhtml	Саймон	1
_rian1.xhtml	МакБерни	1
_rian1.xhtml	Нил	1
_rian1.xhtml	Теннант	1
_rian1.xhtml	Крис	1
_rian1.xhtml	Лоу	1
_rian1.xhtml	Эйзенштейн	1
_rbk2.xhtml	Сирия	17
_rbk2.xhtml	Китай	15
_rbk2.xhtml	Израиль	12
_rbk2.xhtml	Суворин	11
_rbk2.xhtml	КНДР	10
_rbk2.xhtml	США	9
_rbk2.xhtml	Корея	7
_rbk2.xhtml	Москва	5
_rbk2.xhtml	Россия	5
_rbk2.xhtml	Александр	5
_rbk2.xhtml	РИА	5
_rbk2.xhtml	Дамаск	4
_rbk2.xhtml	ООН	4
_rbk2.xhtml	КНР	3
_rbk2.xhtml	Guardian	3
_rbk2.xhtml	Пекин	3
_rbk2.xhtml	Иркутск	3
_rbk2.xhtml	Дубай	3
_rbk2.xhtml	Мэн	3
_rbk2.xhtml	РГБ	3
_rbk2.xhtml	Ирак	3
_rbk2.xhtml	Yonhap	3
_rbk2.xhtml	ИТАР-ТАСС	2
_rbk2.xhtml	Сергей	2
_rbk2.xhtml	Германия	2
_rbk2.xhtml	Тайвань	2
_rbk2.xhtml	Индия	2
_rbk2.xhtml	Владимир	2
_rbk2.xhtml	РФ	2
_rbk2.xhtml	Соколов	2
_rbk2.xhtml	Крейн	2
_rbk2.xhtml	Великобритания	2
_rbk2.xhtml	Новгород	2
_rbk2.xhtml	Сутоки	2
_rbk2.xhtml	Надеевка	2
_rbk2.xhtml	Алексей	2
_rbk2.xhtml	Сергеевич	2
_rbk2.xhtml	Петербург	2
_rbk2.xhtml	Хезболлах	2
_rbk2.xhtml	Потемкин	2
_rbk2.xhtml	Лондон	2
_rbk2.xhtml	Pet	2
_rbk2.xhtml	Shop	2
_rbk2.xhtml	Boys	2
_rbk2.xhtml	Пауэлл	2
_rbk2.xhtml	Янгандо	2
_rbk2.xhtml	Останин	1
_rbk2.xhtml	СССР	1
_rbk2.xhtml	Ельня	1
_rbk2.xhtml	ВМФ	1
_rbk2.xhtml	Борис	1
_rbk2.xhtml	Гормылев	1
_rbk2.xhtml	ВВП	1
_rbk2.xhtml	П	1
_rbk2.xhtml	Вулфовиц	1
_rbk2.xhtml	XXI	1
_rbk2.xhtml	Азия	1
_rbk2.xhtml	Пакистан	1
_rbk2.xhtml	Киргизия	1
_rbk2.xhtml	Вашингтон	1
_rbk2.xhtml	Ходий	1
_rbk2.xhtml	Юрий	1
_rbk2.xhtml	Лотман	1
_rbk2.xhtml	Байкал	1
_rbk2.xhtml	Спиваков	1
_rbk2.xhtml	Елена	1
_rbk2.xhtml	Образцова	1
_rbk2.xhtml	Гарри	1
_rbk2.xhtml	Гродберг	1
_rbk2.xhtml	Георгий	1
_rbk2.xhtml	Гаранян	1
_rbk2.xhtml	ДТП	1
_rbk2.xhtml	Лоерах	1
_rbk2.xhtml	Ananova	1
_rbk2.xhtml	Quote	1
_rbk2.xhtml	Юкос	1
_rbk2.xhtml	ИТ-инфраструктура	1
_rbk2.xhtml	Wipro	1
_rbk2.xhtml	Internet	1
_rbk2.xhtml	City	1
_rbk2.xhtml	DIC	1
_rbk2.xhtml	Оаэ	1
_rbk2.xhtml	Сулейман	1
_rbk2.xhtml	Bin	1
_rbk2.xhtml	Sulaiman	1
_rbk2.xhtml	ИТ-подразделение	1
_rbk2.xhtml	Тим	1
_rbk2.xhtml	Tim	1
_rbk2.xhtml	Craine	1
_rbk2.xhtml	Андрей	1
_rbk2.xhtml	Летягин	1
_rbk2.xhtml	Коломна	1
_rbk2.xhtml	Сольцы	1
_rbk2.xhtml	Чудово	1
_rbk2.xhtml	Парфино	1
_rbk2.xhtml	Петропавловск	1
_rbk2.xhtml	Казахстан	1
_rbk2.xhtml	Ломоносов	1
_rbk2.xhtml	Баратынский	1
_rbk2.xhtml	Гоголь	1
_rbk2.xhtml	Грибоедов	1
_rbk2.xhtml	Достоевский	1
_rbk2.xhtml	Толстой	1
_rbk2.xhtml	Карамзин	1
_rbk2.xhtml	Чехов	1
_rbk2.xhtml	Пушкин	1
_rbk2.xhtml	Екатерина	1
_rbk2.xhtml	Медея	1
_rbk2.xhtml	А	1
_rbk2.xhtml	С	1
_rbk2.xhtml	Моше	1
_rbk2.xhtml	Яалон	1
_rbk2.xhtml	Europa	1
_rbk2.xhtml	Press	1
_rbk2.xhtml	Йозеф	1
_rbk2.xhtml	Лапид	1
_rbk2.xhtml	АМАН	1
_rbk2.xhtml	Аарон	1
_rbk2.xhtml	Зэви-Фаркаш	1
_rbk2.xhtml	Джордж	1
_rbk2.xhtml	Буш	1
_rbk2.xhtml	Б	1
_rbk2.xhtml	Асад	1
_rbk2.xhtml	Ливан	1
_rbk2.xhtml	Бекаа	1
_rbk2.xhtml	Бейрут	1
_rbk2.xhtml	Кофи	1
_rbk2.xhtml	Аннан	1
_rbk2.xhtml	Австрия	1
_rbk2.xhtml	Канада	1
_rbk2.xhtml	Япония	1
_rbk2.xhtml	Непал	1
_rbk2.xhtml	Польша	1
_rbk2.xhtml	Словакия	1
_rbk2.xhtml	Смотров	1
_rbk2.xhtml	Нельсон	1
_rbk2.xhtml	Саймон	1
_rbk2.xhtml	МакБерни	1
_rbk2.xhtml	Нил	1
_rbk2.xhtml	Теннант	1
_rbk2.xhtml	Крис	1
_rbk2.xhtml	Лоу	1
_rbk2.xhtml	Эйзенштейн	1
_rbk2.xhtml	РБК	1
_rbk2.xhtml	Сеул	1
_rbk2.xhtml	Choson	1
_rbk2.xhtml	Ilbo	1
_rbk2.xhtml	Колин	1
_rbk2.xhtml	NBC	1
_rbk2.xhtml	К	1
_rbk2.xhtml	Гирин	1
_rbk2.xhtml	Чун	1
_rbk2.xhtml	Дон	1
_rbk2.xhtml	Ен	1
_itartass1.xhtml	Сирия	17
_itartass1.xhtml	Китай	15
_itartass1.xhtml	Израиль	12
_itartass1.xhtml	Суворин	11
_itartass1.xhtml	КНДР	10
_itartass1.xhtml	США	9
_itartass1.xhtml	Корея	7
_itartass1.xhtml	Москва	5
_itartass1.xhtml	Россия	5
_itartass1.xhtml	Александр	5
_itartass1.xhtml	РИА	5
_itartass1.xhtml	Дамаск	4
_itartass1.xhtml	ООН	4
_itartass1.xhtml	ИТАР-ТАСС	3
_itartass1.xhtml	Сергей	3
_itartass1.xhtml	КНР	3
_itartass1.xhtml	Guardian	3
_itartass1.xhtml	Пекин	3
_itartass1.xhtml	Иркутск	3
_itartass1.xhtml	Дубай	3
_itartass1.xhtml	Мэн	3
_itartass1.xhtml	РГБ	3
_itartass1.xhtml	Ирак	3
_itartass1.xhtml	Yonhap	3
_itartass1.xhtml	Греция	3
_itartass1.xhtml	Германия	2
_itartass1.xhtml	Тайвань	2
_itartass1.xhtml	Индия	2
_itartass1.xhtml	Владимир	2
_itartass1.xhtml	РФ	2
_itartass1.xhtml	Соколов	2
_itartass1.xhtml	Крейн	2
_itartass1.xhtml	Великобритания	2
_itartass1.xhtml	Новгород	2
_itartass1.xhtml	Сутоки	2
_itartass1.xhtml	Надеевка	2
_itartass1.xhtml	Алексей	2
_itartass1.xhtml	Сергеевич	2
_itartass1.xhtml	Петербург	2
_itartass1.xhtml	Хезболлах	2
_itartass1.xhtml	Потемкин	2
_itartass1.xhtml	Лондон	2
_itartass1.xhtml	Pet	2
_itartass1.xhtml	Shop	2
_itartass1.xhtml	Boys	2
_itartass1.xhtml	Пауэлл	2
_itartass1.xhtml	Янгандо	2
_itartass1.xhtml	Афины	2
_itartass1.xhtml	Константинос	2
_itartass1.xhtml	Останин	1
_itartass1.xhtml	СССР	1
_itartass1.xhtml	Ельня	1
_itartass1.xhtml	ВМФ	1
_itartass1.xhtml	Борис	1
_itartass1.xhtml	Гормылев	1
_itartass1.xhtml	ВВП	1
_itartass1.xhtml	П	1
_itartass1.xhtml	Вулфовиц	1
_itartass1.xhtml	XXI	1
_itartass1.xhtml	Азия	1
_itartass1.xhtml	Пакистан	1
_itartass1.xhtml	Киргизия	1
_itartass1.xhtml	Вашингтон	1
_itartass1.xhtml	Ходий	1
_itartass1.xhtml	Юрий	1
_itartass1.xhtml	Лотман	1
_itartass1.xhtml	Байкал	1
_itartass1.xhtml	Спиваков	1
_itartass1.xhtml	Елена	1
_itartass1.xhtml	Образцова	1
_itartass1.xhtml	Гарри	1
_itartass1.xhtml	Гродберг	1
_itartass1.xhtml	Георгий	1
_itartass1.xhtml	Гаранян	1
_itartass1.xhtml	ДТП	1
_itartass1.xhtml	Лоерах	1
_itartass1.xhtml	Ananova	1
_itartass1.xhtml	Quote	1
_itartass1.xhtml	Юкос	1
_itartass1.xhtml	ИТ-инфраструктура	1
_itartass1.xhtml	Wipro	1
_itartass1.xhtml	Internet	1
_itartass1.xhtml	City	1
_itartass1.xhtml	DIC	1
_itartass1.xhtml	Оаэ	1
_itartass1.xhtml	Сулейман	1
_itartass1.xhtml	Bin	1
_itartass1.xhtml	Sulaiman	1
_itartass1.xhtml	ИТ-подразделение	1
_itartass1.xhtml	Тим	1
_itartass1.xhtml	Tim	1
_itartass1.xhtml	Craine	1
_itartass1.xhtml	Андрей	1
_itartass1.xhtml	Летягин	1
_itartass1.xhtml	Коломна	1
_itartass1.xhtml	Сольцы	1
_itartass1.xhtml	Чудово	1
_itartass1.xhtml	Парфино	1
_itartass1.xhtml	Петропавловск	1
_itartass1.xhtml	Казахстан	1
_itartass1.xhtml	Ломоносов	1
_itartass1.xhtml	Баратынский	1
_itartass1.xhtml	Гоголь	1
_itartass1.xhtml	Грибоедов	1
_itartass1.xhtml	Достоевский	1
_itartass1.xhtml	Толстой	1
_itartass1.xhtml	Карамзин	1
_itartass1.xhtml	Чехов	1
_itartass1.xhtml	Пушкин	1
_itartass1.xhtml	Екатерина	1
_itartass1.xhtml	Медея	1
_itartass1.xhtml	А	1
_itartass1.xhtml	С	1
_itartass1.xhtml	Моше	1
_itartass1.xhtml	Яалон	1
_itartass1.xhtml	Europa	1
_itartass1.xhtml	Press	1
_itartass1.xhtml	Йозеф	1
_itartass1.xhtml	Лапид	1
_itartass1.xhtml	АМАН	1
_itartass1.xhtml	Аарон	1
_itartass1.xhtml	Зэви-Фаркаш	1
_itartass1.xhtml	Джордж	1
_itartass1.xhtml	Буш	1
_itartass1.xhtml	Б	1
_itartass1.xhtml	Асад	1
_itartass1.xhtml	Ливан	1
_itartass1.xhtml	Бекаа	1
_itartass1.xhtml	Бейрут	1
_itartass1.xhtml	Кофи	1
_itartass1.xhtml	Аннан	1
_itartass1.xhtml	Австрия	1
_itartass1.xhtml	Канада	1
_itartass1.xhtml	Япония	1
_itartass1.xhtml	Непал	1
_itartass1.xhtml	Польша	1
_itartass1.xhtml	Словакия	1
_itartass1.xhtml	Смотров	1
_itartass1.xhtml	Нельсон	1
_itartass1.xhtml	Саймон	1
_itartass1.xhtml	МакБерни	1
_itartass1.xhtml	Нил	1
_itartass1.xhtml	Теннант	1
_itartass1.xhtml	Крис	1
_itartass1.xhtml	Лоу	1
_itartass1.xhtml	Эйзенштейн	1
_itartass1.xhtml	РБК	1
_itartass1.xhtml	Сеул	1
_itartass1.xhtml	Choson	1
_itartass1.xhtml	Ilbo	1
_itartass1.xhtml	Колин	1
_itartass1.xhtml	NBC	1
_itartass1.xhtml	К	1
_itartass1.xhtml	Гирин	1
_itartass1.xhtml	Чун	1
_itartass1.xhtml	Дон	1
_itartass1.xhtml	Ен	1
_itartass1.xhtml	Латышев	1
_itartass1.xhtml	Стефанопулос	1
_itartass1.xhtml	XXII	1
_itartass1.xhtml	Караманлиса	1
_itartass1.xhtml	Жака	1
_itartass1.xhtml	Рогге	1
_itartass1.xhtml	Иоанна	1
_itartass1.xhtml	Ангелопулос-Даскалаки	1
_itartass1.xhtml	МПК	1
_itartass1.xhtml	Фил	1
_itartass1.xhtml	Крэвен	1
_itartass1.xhtml	Сидней	1
_itartass1.xhtml	Альберт	1
_itartass1.xhtml	Бакаев	1
_itartass2.xhtml	Сирия	17
_itartass2.xhtml	Китай	16
_itartass2.xhtml	Израиль	12
_itartass2.xhtml	Суворин	11
_itartass2.xhtml	КНДР	10
_itartass2.xhtml	США	9
_itartass2.xhtml	Корея	7
_itartass2.xhtml	КНР	6
_itartass2.xhtml	Москва	5
_itartass2.xhtml	Россия	5
_itartass2.xhtml	Александр	5
_itartass2.xhtml	РИА	5
_itartass2.xhtml	ИТАР-ТАСС	4
_itartass2.xhtml	Пекин	4
_itartass2.xhtml	Дамаск	4
_itartass2.xhtml	ООН	4
_itartass2.xhtml	Сергей	3
_itartass2.xhtml	Guardian	3
_itartass2.xhtml	Иркутск	3
_itartass2.xhtml	Дубай	3
_itartass2.xhtml	Мэн	3
_itartass2.xhtml	РГБ	3
_itartass2.xhtml	Ирак	3
_itartass2.xhtml	Yonhap	3
_itartass2.xhtml	Греция	3
_itartass2.xhtml	ЦК	3
_itartass2.xhtml	Германия	2
_itartass2.xhtml	Тайвань	2
_itartass2.xhtml	Индия	2
_itartass2.xhtml	Владимир	2
_itartass2.xhtml	РФ	2
_itartass2.xhtml	Соколов	2
_itartass2.xhtml	Крейн	2
_itartass2.xhtml	Великобритания	2
_itartass2.xhtml	Новгород	2
_itartass2.xhtml	Андрей	2
_itartass2.xhtml	Сутоки	2
_itartass2.xhtml	Надеевка	2
_itartass2.xhtml	Алексей	2
_itartass2.xhtml	Сергеевич	2
_itartass2.xhtml	Петербург	2
_itartass2.xhtml	Хезболлах	2
_itartass2.xhtml	Потемкин	2
_itartass2.xhtml	Лондон	2
_itartass2.xhtml	Pet	2
_itartass2.xhtml	Shop	2
_itartass2.xhtml	Boys	2
_itartass2.xhtml	Пауэлл	2
_itartass2.xhtml	Янгандо	2
_itartass2.xhtml	Афины	2
_itartass2.xhtml	Константинос	2
_itartass2.xhtml	Цзян	2
_itartass2.xhtml	Цзэминь	2
_itartass2.xhtml	Сянган	2
_itartass2.xhtml	ЦВС	2
_itartass2.xhtml	КПК	2
_itartass2.xhtml	Останин	1
_itartass2.xhtml	СССР	1
_itartass2.xhtml	Ельня	1
_itartass2.xhtml	ВМФ	1
_itartass2.xhtml	Борис	1
_itartass2.xhtml	Гормылев	1
_itartass2.xhtml	ВВП	1
_itartass2.xhtml	П	1
_itartass2.xhtml	Вулфовиц	1
_itartass2.xhtml	XXI	1
_itartass2.xhtml	Азия	1
_itartass2.xhtml	Пакистан	1
_itartass2.xhtml	Киргизия	1
_itartass2.xhtml	Вашингтон	1
_itartass2.xhtml	Ходий	1
_itartass2.xhtml	Юрий	1
_itartass2.xhtml	Лотман	1
_itartass2.xhtml	Байкал	1
_itartass2.xhtml	Спиваков	1
_itartass2.xhtml	Елена	1
_itartass2.xhtml	Образцова	1
_itartass2.xhtml	Гарри	1
_itartass2.xhtml	Гродберг	1
_itartass2.xhtml	Георгий	1
_itartass2.xhtml	Гаранян	1
_itartass2.xhtml	ДТП	1
_itartass2.xhtml	Лоерах	1
_itartass2.xhtml	Ananova	1
_itartass2.xhtml	Quote	1
_itartass2.xhtml	Юкос	1
_itartass2.xhtml	ИТ-инфраструктура	1
_itartass2.xhtml	Wipro	1
_itartass2.xhtml	Internet	1
_itartass2.xhtml	City	1
_itartass2.xhtml	DIC	1
_itartass2.xhtml	Оаэ	1
_itartass2.xhtml	Сулейман	1
_itartass2.xhtml	Bin	1
_itartass2.xhtml	Sulaiman	1
_itartass2.xhtml	ИТ-подразделение	1
_itartass2.xhtml	Тим	1
_itartass2.xhtml	Tim	1
_itartass2.xhtml	Craine	1
_itartass2.xhtml	Летягин	1
_itartass2.xhtml	Коломна	1
_itartass2.xhtml	Сольцы	1
_itartass2.xhtml	Чудово	1
_itartass2.xhtml	Парфино	1
_itartass2.xhtml	Петропавловск	1
_itartass2.xhtml	Казахстан	1
_itartass2.xhtml	Ломоносов	1
_itartass2.xhtml	Баратынский	1
_itartass2.xhtml	Гоголь	1
_itartass2.xhtml	Грибоедов	1
_itartass2.xhtml	Достоевский	1
_itartass2.xhtml	Толстой	1
_itartass2.xhtml	Карамзин	1
_itartass2.xhtml	Чехов	1
_itartass2.xhtml	Пушкин	1
_itartass2.xhtml	Екатерина	1
_itartass2.xhtml	Медея	1
_itartass2.xhtml	А	1
_itartass2.xhtml	С	1
_itartass2.xhtml	Моше	1
_itartass2.xhtml	Яалон	1
_itartass2.xhtml	Europa	1
_itartass2.xhtml	Press	1
_itartass2.xhtml	Йозеф	1
_itartass2.xhtml	Лапид	1
_itartass2.xhtml	АМАН	1
_itartass2.xhtml	Аарон	1
_itartass2.xhtml	Зэви-Фаркаш	1
_itartass2.xhtml	Джордж	1
_itartass2.xhtml	Буш	1
_itartass2.xhtml	Б	1
_itartass2.xhtml	Асад	1
_itartass2.xhtml	Ливан	1
_itartass2.xhtml	Бекаа	1
_itartass2.xhtml	Бейрут	1
_itartass2.xhtml	Кофи	1
_itartass2.xhtml	Аннан	1
_itartass2.xhtml	Австрия	1
_itartass2.xhtml	Канада	1
_itartass2.xhtml	Япония	1
_itartass2.xhtml	Непал	1
_itartass2.xhtml	Польша	1
_itartass2.xhtml	Словакия	1
_itartass2.xhtml	Смотров	1
_itartass2.xhtml	Нельсон	1
_itartass2.xhtml	Саймон	1
_itartass2.xhtml	МакБерни	1
_itartass2.xhtml	Нил	1
_itartass2.xhtml	Теннант	1
_itartass2.xhtml	Крис	1
_itartass2.xhtml	Лоу	1
_itartass2.xhtml	Эйзенштейн	1
_itartass2.xhtml	РБК	1
_itartass2.xhtml	Сеул	1
_itartass2.xhtml	Choson	1
_itartass2.xhtml	Ilbo	1
_itartass2.xhtml	Колин	1
_itartass2.xhtml	NBC	1
_itartass2.xhtml	К	1
_itartass2.xhtml	Гирин	1
_itartass2.xhtml	Чун	1
_itartass2.xhtml	Дон	1
_itartass2.xhtml	Ен	1
_itartass2.xhtml	Латышев	1
_itartass2.xhtml	Стефанопулос	1
_itartass2.xhtml	XXII	1
_itartass2.xhtml	Караманлиса	1
_itartass2.xhtml	Жака	1
_itartass2.xhtml	Рогге	1
_itartass2.xhtml	Иоанна	1
_itartass2.xhtml	Ангелопулос-Даскалаки	1
_itartass2.xhtml	МПК	1
_itartass2.xhtml	Фил	1
_itartass2.xhtml	Крэвен	1
_itartass2.xhtml	Сидней	1
_itartass2.xhtml	Альберт	1
_itartass2.xhtml	Бакаев	1
_itartass2.xhtml	Гонконг	1
_itartass2.xhtml	Бычков	1
_itartass2.xhtml	Саут	1
_itartass2.xhtml	Чайна	1
_itartass2.xhtml	Ху	1
_itartass2.xhtml	Цзиньтао	1
_itartass5.xhtml	Сирия	17
_itartass5.xhtml	Китай	16
_itartass5.xhtml	Израиль	12
_itartass5.xhtml	Суворин	11
_itartass5.xhtml	КНДР	10
_itartass5.xhtml	США	9
_itartass5.xhtml	Корея	7
_itartass5.xhtml	КНР	6
_itartass5.xhtml	Москва	5
_itartass5.xhtml	ИТАР-ТАСС	5
_itartass5.xhtml	Россия	5
_itartass5.xhtml	Александр	5
_itartass5.xhtml	РИА	5
_itartass5.xhtml	Пекин	4
_itartass5.xhtml	Дамаск	4
_itartass5.xhtml	ООН	4
_itartass5.xhtml	Сергей	3
_itartass5.xhtml	Guardian	3
_itartass5.xhtml	Иркутск	3
_itartass5.xhtml	Дубай	3
_itartass5.xhtml	Мэн	3
_itartass5.xhtml	РГБ	3
_itartass5.xhtml	Ирак	3
_itartass5.xhtml	Yonhap	3
_itartass5.xhtml	Греция	3
_itartass5.xhtml	ЦК	3
_itartass5.xhtml	ФИФА	3
_itartass5.xhtml	Борис	2
_itartass5.xhtml	Германия	2
_itartass5.xhtml	Тайвань	2
_itartass5.xhtml	Индия	2
_itartass5.xhtml	Владимир	2
_itartass5.xhtml	РФ	2
_itartass5.xhtml	Соколов	2
_itartass5.xhtml	Крейн	2
_itartass5.xhtml	Великобритания	2
_itartass5.xhtml	Новгород	2
_itartass5.xhtml	Андрей	2
_itartass5.xhtml	Сутоки	2
_itartass5.xhtml	Надеевка	2
_itartass5.xhtml	Алексей	2
_itartass5.xhtml	Сергеевич	2
_itartass5.xhtml	Петербург	2
_itartass5.xhtml	Хезболлах	2
_itartass5.xhtml	Потемкин	2
_itartass5.xhtml	Лондон	2
_itartass5.xhtml	Pet	2
_itartass5.xhtml	Shop	2
_itartass5.xhtml	Boys	2
_itartass5.xhtml	Пауэлл	2
_itartass5.xhtml	Янгандо	2
_itartass5.xhtml	Афины	2
_itartass5.xhtml	Константинос	2
_itartass5.xhtml	Цзян	2
_itartass5.xhtml	Цзэминь	2
_itartass5.xhtml	Сянган	2
_itartass5.xhtml	ЦВС	2
_itartass5.xhtml	КПК	2
_itartass5.xhtml	Останин	1
_itartass5.xhtml	СССР	1
_itartass5.xhtml	Ельня	1
_itartass5.xhtml	ВМФ	1
_itartass5.xhtml	Гормылев	1
_itartass5.xhtml	ВВП	1
_itartass5.xhtml	П	1
_itartass5.xhtml	Вулфовиц	1
_itartass5.xhtml	XXI	1
_itartass5.xhtml	Азия	1
_itartass5.xhtml	Пакистан	1
_itartass5.xhtml	Киргизия	1
_itartass5.xhtml	Вашингтон	1
_itartass5.xhtml	Ходий	1
_itartass5.xhtml	Юрий	1
_itartass5.xhtml	Лотман	1
_itartass5.xhtml	Байкал	1
_itartass5.xhtml	Спиваков	1
_itartass5.xhtml	Елена	1
_itartass5.xhtml	Образцова	1
_itartass5.xhtml	Гарри	1
_itartass5.xhtml	Гродберг	1
_itartass5.xhtml	Георгий	1
_itartass5.xhtml	Гаранян	1
_itartass5.xhtml	ДТП	1
_itartass5.xhtml	Лоерах	1
_itartass5.xhtml	Ananova	1
_itartass5.xhtml	Quote	1
_itartass5.xhtml	Юкос	1
_itartass5.xhtml	ИТ-инфраструктура	1
_itartass5.xhtml	Wipro	1
_itartass5.xhtml	Internet	1
_itartass5.xhtml	City	1
_itartass5.xhtml	DIC	1
_itartass5.xhtml	Оаэ	1
_itartass5.xhtml	Сулейман	1
_itartass5.xhtml	Bin	1
_itartass5.xhtml	Sulaiman	1
_itartass5.xhtml	ИТ-подразделение	1
_itartass5.xhtml	Тим	1
_itartass5.xhtml	Tim	1
_itartass5.xhtml	Craine	1
_itartass5.xhtml	Летягин	1
_itartass5.xhtml	Коломна	1
_itartass5.xhtml	Сольцы	1
_itartass5.xhtml	Чудово	1
_itartass5.xhtml	Парфино	1
_itartass5.xhtml	Петропавловск	1
_itartass5.xhtml	Казахстан	1
_itartass5.xhtml	Ломоносов	1
_itartass5.xhtml	Баратынский	1
_itartass5.xhtml	Гоголь	1
_itartass5.xhtml	Грибоедов	1
_itartass5.xhtml	Достоевский	1
_itartass5.xhtml	Толстой	1
_itartass5.xhtml	Карамзин	1
_itartass5.xhtml	Чехов	1
_itartass5.xhtml	Пушкин	1
_itartass5.xhtml	Екатерина	1
_itartass5.xhtml	Медея	1
_itartass5.xhtml	А	1
_itartass5.xhtml	С	1
_itartass5.xhtml	Моше	1
_itartass5.xhtml	Яалон	1
_itartass5.xhtml	Europa	1
_itartass5.xhtml	Press	1
_itartass5.xhtml	Йозеф	1
_itartass5.xhtml	Лапид	1
_itartass5.xhtml	АМАН	1
_itartass5.xhtml	Аарон	1
_itartass5.xhtml	Зэви-Фаркаш	1
_itartass5.xhtml	Джордж	1
_itartass5.xhtml	Буш	1
_itartass5.xhtml	Б	1
_itartass5.xhtml	Асад	1
_itartass5.xhtml	Ливан	1
_itartass5.xhtml	Бекаа	1
_itartass5.xhtml	Бейрут	1
_itartass5.xhtml	Кофи	1
_itartass5.xhtml	Аннан	1
_itartass5.xhtml	Австрия	1
_itartass5.xhtml	Канада	1
_itartass5.xhtml	Япония	1
_itartass5.xhtml	Непал	1
_itartass5.xhtml	Польша	1
_itartass5.xhtml	Словакия	1
_itartass5.xhtml	Смотров	1
_itartass5.xhtml	Нельсон	1
_itartass5.xhtml	Саймон	1
_itartass5.xhtml	МакБерни	1
_itartass5.xhtml	Нил	1
_itartass5.xhtml	Теннант	1
_itartass5.xhtml	Крис	1
_itartass5.xhtml	Лоу	1
_itartass5.xhtml	Эйзенштейн	1
_itartass5.xhtml	РБК	1
_itartass5.xhtml	Сеул	1
_itartass5.xhtml	Choson	1
_itartass5.xhtml	Ilbo	1
_itartass5.xhtml	Колин	1
_itartass5.xhtml	NBC	1
_itartass5.xhtml	К	1
_itartass5.xhtml	Гирин	1
_itartass5.xhtml	Чун	1
_itartass5.xhtml	Дон	1
_itartass5.xhtml	Ен	1
_itartass5.xhtml	Латышев	1
_itartass5.xhtml	Стефанопулос	1
_itartass5.xhtml	XXII	1
_itartass5.xhtml	Караманлиса	1
_itartass5.xhtml	Жака	1
_itartass5.xhtml	Рогге	1
_itartass5.xhtml	Иоанна	1
_itartass5.xhtml	Ангелопулос-Даскалаки	1
_itartass5.xhtml	МПК	1
_itartass5.xhtml	Фил	1
_itartass5.xhtml	Крэвен	1
_itartass5.xhtml	Сидней	1
_itartass5.xhtml	Альберт	1
_itartass5.xhtml	Бакаев	1
_itartass5.xhtml	Гонконг	1
_itartass5.xhtml	Бычков	1
_itartass5.xhtml	Саут	1
_itartass5.xhtml	Чайна	1
_itartass5.xhtml	Ху	1
_itartass5.xhtml	Цзиньтао	1
_itartass5.xhtml	Стокгольм	1
_itartass5.xhtml	Зайцев	1
_itartass5.xhtml	КопаМундиал	1
_itartass5.xhtml	КопаДоМундо	1
_itartass5.xhtml	Америка	1
_itartass5.xhtml	ТВ	1
_itartass5.xhtml	Джером	1
_itartass5.xhtml	Валке	1
_rbk7.xhtml	Сирия	17
_rbk7.xhtml	Китай	16
_rbk7.xhtml	Израиль	12
_rbk7.xhtml	Суворин	11
_rbk7.xhtml	КНДР	10
_rbk7.xhtml	США	9
_rbk7.xhtml	Корея	7
_rbk7.xhtml	Россия	6
_rbk7.xhtml	КНР	6
_rbk7.xhtml	Ми	6
_rbk7.xhtml	Москва	5
_rbk7.xhtml	ИТАР-ТАСС	5
_rbk7.xhtml	Александр	5
_rbk7.xhtml	РИА	5
_rbk7.xhtml	Пекин	4
_rbk7.xhtml	Дамаск	4
_rbk7.xhtml	ООН	4
_rbk7.xhtml	МВД	4
_rbk7.xhtml	Сергей	3
_rbk7.xhtml	Guardian	3
_rbk7.xhtml	Иркутск	3
_rbk7.xhtml	РФ	3
_rbk7.xhtml	Дубай	3
_rbk7.xhtml	Мэн	3
_rbk7.xhtml	РГБ	3
_rbk7.xhtml	Ирак	3
_rbk7.xhtml	Yonhap	3
_rbk7.xhtml	Греция	3
_rbk7.xhtml	ЦК	3
_rbk7.xhtml	ФИФА	3
_rbk7.xhtml	Чечня	3
_rbk7.xhtml	Ингушетия	3
_rbk7.xhtml	Борис	2
_rbk7.xhtml	Германия	2
_rbk7.xhtml	Тайвань	2
_rbk7.xhtml	Индия	2
_rbk7.xhtml	Владимир	2
_rbk7.xhtml	Соколов	2
_rbk7.xhtml	Крейн	2
_rbk7.xhtml	Великобритания	2
_rbk7.xhtml	Новгород	2
_rbk7.xhtml	Андрей	2
_rbk7.xhtml	Сутоки	2
_rbk7.xhtml	Надеевка	2
_rbk7.xhtml	Алексей	2
_rbk7.xhtml	Сергеевич	2
_rbk7.xhtml	Петербург	2
_rbk7.xhtml	Хезболлах	2
_rbk7.xhtml	Потемкин	2
_rbk7.xhtml	Лондон	2
_rbk7.xhtml	Pet	2
_rbk7.xhtml	Shop	2
_rbk7.xhtml	Boys	2
_rbk7.xhtml	РБК	2
_rbk7.xhtml	Пауэлл	2
_rbk7.xhtml	Янгандо	2
_rbk7.xhtml	Афины	2
_rbk7.xhtml	Константинос	2
_rbk7.xhtml	Цзян	2
_rbk7.xhtml	Цзэминь	2
_rbk7.xhtml	Сянган	2
_rbk7.xhtml	ЦВС	2
_rbk7.xhtml	КПК	2
_rbk7.xhtml	Останин	1
_rbk7.xhtml	СССР	1
_rbk7.xhtml	Ельня	1
_rbk7.xhtml	ВМФ	1
_rbk7.xhtml	Гормылев	1
_rbk7.xhtml	ВВП	1
_rbk7.xhtml	П	1
_rbk7.xhtml	Вулфовиц	1
_rbk7.xhtml	XXI	1
_rbk7.xhtml	Азия	1
_rbk7.xhtml	Пакистан	1
_rbk7.xhtml	Киргизия	1
_rbk7.xhtml	Вашингтон	1
_rbk7.xhtml	Ходий	1
_rbk7.xhtml	Юрий	1
_rbk7.xhtml	Лотман	1
_rbk7.xhtml	Байкал	1
_rbk7.xhtml	Спиваков	1
_rbk7.xhtml	Елена	1
_rbk7.xhtml	Образцова	1
_rbk7.xhtml	Гарри	1
_rbk7.xhtml	Гродберг	1
_rbk7.xhtml	Георгий	1
_rbk7.xhtml	Гаранян	1
_rbk7.xhtml	ДТП	1
_rbk7.xhtml	Лоерах	1
_rbk7.xhtml	Ananova	1
_rbk7.xhtml	Quote	1
_rbk7.xhtml	Юкос	1
_rbk7.xhtml	ИТ-инфраструктура	1
_rbk7.xhtml	Wipro	1
_rbk7.xhtml	Internet	1
_rbk7.xhtml	City	1
_rbk7.xhtml	DIC	1
_rbk7.xhtml	Оаэ	1
_rbk7.xhtml	Сулейман	1
_rbk7.xhtml	Bin	1
_rbk7.xhtml	Sulaiman	1
_rbk7.xhtml	ИТ-подразделение	1
_rbk7.xhtml	Тим	1
_rbk7.xhtml	Tim	1
_rbk7.xhtml	Craine	1
_rbk7.xhtml	Летягин	1
_rbk7.xhtml	Коломна	1
_rbk7.xhtml	Сольцы	1
_rbk7.xhtml	Чудово	1
_rbk7.xhtml	Парфино	1
_rbk7.xhtml	Петропавловск	1
_rbk7.xhtml	Казахстан	1
_rbk7.xhtml	Ломоносов	1
_rbk7.xhtml	Баратынский	1
_rbk7.xhtml	Гоголь	1
_rbk7.xhtml	Грибоедов	1
_rbk7.xhtml	Достоевский	1
_rbk7.xhtml	Толстой	1
_rbk7.xhtml	Карамзин	1
_rbk7.xhtml	Чехов	1
_rbk7.xhtml	Пушкин	1
_rbk7.xhtml	Екатерина	1
_rbk7.xhtml	Медея	1
_rbk7.xhtml	А	1
_rbk7.xhtml	С	1
_rbk7.xhtml	Моше	1
_rbk7.xhtml	Яалон	1
_rbk7.xhtml	Europa	1
_rbk7.xhtml	Press	1
_rbk7.xhtml	Йозеф	1
_rbk7.xhtml	Лапид	1
_rbk7.xhtml	АМАН	1
_rbk7.xhtml	Аарон	1
_rbk7.xhtml	Зэви-Фаркаш	1
_rbk7.xhtml	Джордж	1
_rbk7.xhtml	Буш	1
_rbk7.xhtml	Б	1
_rbk7.xhtml	Асад	1
_rbk7.xhtml	Ливан	1
_rbk7.xhtml	Бекаа	1
_rbk7.xhtml	Бейрут	1
_rbk7.xhtml	Кофи	1
_rbk7.xhtml	Аннан	1
_rbk7.xhtml	Австрия	1
_rbk7.xhtml	Канада	1
_rbk7.xhtml	Япония	1
_rbk7.xhtml	Непал	1
_rbk7.xhtml	Польша	1
_rbk7.xhtml	Словакия	1
_rbk7.xhtml	Смотров	1
_rbk7.xhtml	Нельсон	1
_rbk7.xhtml	Саймон	1
_rbk7.xhtml	МакБерни	1
_rbk7.xhtml	Нил	1
_rbk7.xhtml	Теннант	1
_rbk7.xhtml	Крис	1
_rbk7.xhtml	Лоу	1
_rbk7.xhtml	Эйзенштейн	1
_rbk7.xhtml	Сеул	1
_rbk7.xhtml	Choson	1
_rbk7.xhtml	Ilbo	1
_rbk7.xhtml	Колин	1
_rbk7.xhtml	NBC	1
_rbk7.xhtml	К	1
_rbk7.xhtml	Гирин	1
_rbk7.xhtml	Чун	1
_rbk7.xhtml	Дон	1
_rbk7.xhtml	Ен	1
_rbk7.xhtml	Латышев	1
_rbk7.xhtml	Стефанопулос	1
_rbk7.xhtml	XXII	1
_rbk7.xhtml	Караманлиса	1
_rbk7.xhtml	Жака	1
_rbk7.xhtml	Рогге	1
_rbk7.xhtml	Иоанна	1
_rbk7.xhtml	Ангелопулос-Даскалаки	1
_rbk7.xhtml	МПК	1
_rbk7.xhtml	Фил	1
_rbk7.xhtml	Крэвен	1
_rbk7.xhtml	Сидней	1
_rbk7.xhtml	Альберт	1
_rbk7.xhtml	Бакаев	1
_rbk7.xhtml	Гонконг	1
_rbk7.xhtml	Бычков	1
_rbk7.xhtml	Саут	1
_rbk7.xhtml	Чайна	1
_rbk7.xhtml	Ху	1
_rbk7.xhtml	Цзиньтао	1
_rbk7.xhtml	Стокгольм	1
_rbk7.xhtml	Зайцев	1
_rbk7.xhtml	КопаМундиал	1
_rbk7.xhtml	КопаДоМундо	1
_rbk7.xhtml	Америка	1
_rbk7.xhtml	ТВ	1
_rbk7.xhtml	Джером	1
_rbk7.xhtml	Валке	1
_rbk7.xhtml	Алхан-Кала	1
_rbk7.xhtml	Николай	1
_rbk7.xhtml	Рогожкин	1
_rbk7.xhtml	Грозный	1
_rbk7.xhtml	Магас	1
_rbk7.xhtml	Карабулак	1
